H1M0ZO;1;1;06/27/2017;1
GORV50;2;1;06/27/2017;1
AVK5IC;3;1;06/27/2017;1
IIL244;4;1;06/27/2017;1
JN5I4F;5;1;06/27/2017;1
1G20P0;6;1;06/27/2017;1
093154;7;1;06/27/2017;1
TA123B;8;1;06/27/2017;1
OJ64KK;9;1;06/27/2017;1
195FI4;10;1;06/27/2017;1
WX2HZT;11;1;06/27/2017;1
372B1L;12;1;06/27/2017;1
G5J7FC;13;1;06/27/2017;1
3T9357;14;1;06/27/2017;1
ZK7341;15;1;06/27/2017;1
1M04Q7;16;1;06/27/2017;1
10VGGM;17;1;06/27/2017;1
L5G5EG;18;1;06/27/2017;1
LA7YAV;19;1;06/27/2017;1
ZS709U;20;1;06/27/2017;1
87HRZ1;21;1;06/27/2017;1
UN8T95;22;1;06/27/2017;1
61I8V8;23;1;06/27/2017;1
7K88ZN;24;1;06/27/2017;1
569B43;25;1;06/27/2017;1
I25OCW;26;1;06/27/2017;1
6HLK35;27;1;06/27/2017;1
07N5F3;28;1;06/27/2017;1
S93O53;29;1;06/27/2017;1
03RHRN;30;1;06/27/2017;1
804756;31;1;06/27/2017;1
P2HFT2;32;1;06/27/2017;1
U5YVV8;33;1;06/27/2017;1
Z9LM3O;34;1;06/27/2017;1
HC34S8;35;1;06/27/2017;1
M0346V;36;1;06/27/2017;1
RX613G;37;1;06/27/2017;1
XG07LB;38;1;06/27/2017;1
2Y2K41;39;1;06/27/2017;1
A12556;40;1;06/27/2017;1
V0C29H;41;1;06/27/2017;1
V4T4J8;42;1;06/27/2017;1
9158T6;43;1;06/27/2017;1
51186M;44;1;06/27/2017;1
N0DV03;45;1;06/27/2017;1
6B3R6Y;46;1;06/27/2017;1
M3I5ZS;47;1;06/27/2017;1
3G9B7D;48;1;06/27/2017;1
854944;49;1;06/27/2017;1
18Z03C;50;1;06/27/2017;1
V1M9KZ;51;1;06/27/2017;1
3NL1FJ;52;1;06/27/2017;1
FM7558;53;1;06/27/2017;1
571481;54;1;06/27/2017;1
177CDQ;55;1;06/27/2017;1
YH7QJJ;56;1;06/27/2017;1
YM3252;57;1;06/27/2017;1
478X0H;58;1;06/27/2017;1
31BJWC;59;1;06/27/2017;1
N720PG;60;1;06/27/2017;1
PV37JQ;61;1;06/27/2017;1
P4R99O;62;1;06/27/2017;1
347Q6Y;63;1;06/27/2017;1
XV2N48;64;1;06/27/2017;1
TH2W83;65;1;06/27/2017;1
99X943;66;1;06/27/2017;1
71W29O;67;1;06/27/2017;1
542LPZ;68;1;06/27/2017;1
4W53EL;69;1;06/27/2017;1
4D7083;70;1;06/27/2017;1
9S859Z;71;1;06/27/2017;1
6W5GNM;72;1;06/27/2017;1
35Y19I;73;1;06/27/2017;1
VR821P;74;1;06/27/2017;1
9NC2OU;75;1;06/27/2017;1
WIH6G3;76;1;06/27/2017;1
1K0Z0C;77;1;06/27/2017;1
3UG2QD;78;1;06/27/2017;1
854Q88;79;1;06/27/2017;1
LP5357;80;1;06/27/2017;1
J5ENR5;81;1;06/27/2017;1
7K048K;82;1;06/27/2017;1
S78N2Z;83;1;06/27/2017;1
WD74H4;84;1;06/27/2017;1
Y8T1XA;85;1;06/27/2017;1
P10014;86;1;06/27/2017;1
51Y423;87;1;06/27/2017;1
C95OD7;88;1;06/27/2017;1
5YX48T;89;1;06/27/2017;1
1H557L;90;1;06/27/2017;1
88V981;91;1;06/27/2017;1
TGDGT8;92;1;06/27/2017;1
5A563R;93;1;06/27/2017;1
TP0C7H;94;1;06/27/2017;1
369603;95;1;06/27/2017;1
4YR796;96;1;06/27/2017;1
CWYGD7;97;1;06/27/2017;1
1I4A02;98;1;06/27/2017;1
RJ21W0;99;1;06/27/2017;1
1I4VPA;100;1;06/27/2017;1
790940;101;1;06/27/2017;1
494T20;102;1;06/27/2017;1
VVF2KZ;103;1;06/27/2017;1
95FP67;104;1;06/27/2017;1
1RJ310;105;1;06/27/2017;1
WWP4RM;106;1;06/27/2017;1
G2053R;107;1;06/27/2017;1
TNRGUZ;108;1;06/27/2017;1
5K9G57;109;1;06/27/2017;1
QVZRX6;110;1;06/27/2017;1
W20JU1;111;1;06/27/2017;1
X41E3Y;112;1;06/27/2017;1
I332TH;113;1;06/27/2017;1
5C1OJ8;114;1;06/27/2017;1
258R33;115;1;06/27/2017;1
68S3H4;116;1;06/27/2017;1
CO6FKS;117;1;06/27/2017;1
G13579;118;1;06/27/2017;1
KUI9Q9;119;1;06/27/2017;1
6J3V23;120;1;06/27/2017;1
4562KH;121;1;06/27/2017;1
9F87E5;122;1;06/27/2017;1
08O6SX;123;1;06/27/2017;1
CTJ43V;124;1;06/27/2017;1
O483YS;125;1;06/27/2017;1
M6J15Q;126;1;06/27/2017;1
89EH4W;127;1;06/27/2017;1
0GTLAB;128;1;06/27/2017;1
U6AOW5;129;1;06/27/2017;1
870372;130;1;06/27/2017;1
8A4PU8;131;1;06/27/2017;1
56V29E;132;1;06/27/2017;1
D387L1;133;1;06/27/2017;1
8HBLFW;134;1;06/27/2017;1
8715JA;135;1;06/27/2017;1
0S6V2Q;136;1;06/27/2017;1
X792H5;137;1;06/27/2017;1
BIYS7C;138;1;06/27/2017;1
N60G5B;139;1;06/27/2017;1
YYH8N8;140;1;06/27/2017;1
A3F0Q0;141;1;06/27/2017;1
LK3794;142;1;06/27/2017;1
80H1A3;143;1;06/27/2017;1
K2K01P;144;1;06/27/2017;1
UQWT67;145;1;06/27/2017;1
66JKKX;146;1;06/27/2017;1
62EF49;147;1;06/27/2017;1
794IM1;148;1;06/27/2017;1
7BHB85;149;1;06/27/2017;1
RI2J7T;150;1;06/27/2017;1
7RMV91;151;1;06/27/2017;1
BY5RPH;152;1;06/27/2017;1
V827HN;153;1;06/27/2017;1
MF6EFY;154;1;06/27/2017;1
007CYG;155;1;06/27/2017;1
098EGE;156;1;06/27/2017;1
J9G81N;157;1;06/27/2017;1
FEPXHT;158;1;06/27/2017;1
8AI082;159;1;06/27/2017;1
726PL6;160;1;06/27/2017;1
HH31Z5;161;1;06/27/2017;1
033395;162;1;06/27/2017;1
7V53ZB;163;1;06/27/2017;1
WYS47G;164;1;06/27/2017;1
MZ3FEX;165;1;06/27/2017;1
4BNEN3;166;1;06/27/2017;1
971R7A;167;1;06/27/2017;1
7BZNE7;168;1;06/27/2017;1
NJ80J5;169;1;06/27/2017;1
203U7V;170;1;06/27/2017;1
U400AZ;171;1;06/27/2017;1
GSKBH3;172;1;06/27/2017;1
9VMD0S;173;1;06/27/2017;1
F4F7G3;174;1;06/27/2017;1
QB5W0Z;175;1;06/27/2017;1
955Z0E;176;1;06/27/2017;1
1X9U35;177;1;06/27/2017;1
663Z78;178;1;06/27/2017;1
51P10G;179;1;06/27/2017;1
6WBZ7I;180;1;06/27/2017;1
VBL5ZS;181;1;06/27/2017;1
160CE1;182;1;06/27/2017;1
EHS3X5;183;1;06/27/2017;1
5N2D54;184;1;06/27/2017;1
I0427Q;185;1;06/27/2017;1
JL2QPC;186;1;06/27/2017;1
GZ9HA2;187;1;06/27/2017;1
C8706A;188;1;06/27/2017;1
N7958Q;189;1;06/27/2017;1
545J4O;190;1;06/27/2017;1
BY991D;191;1;06/27/2017;1
S4LA7G;192;1;06/27/2017;1
OGXQ4D;193;1;06/27/2017;1
DV44OK;194;1;06/27/2017;1
6V2V44;195;1;06/27/2017;1
D892X8;196;1;06/27/2017;1
203E0M;197;1;06/27/2017;1
344KN7;198;1;06/27/2017;1
3NVW5X;199;1;06/27/2017;1
BP25O8;200;1;06/27/2017;1
0Y1Y58;201;1;06/27/2017;1
QWSG4G;202;1;06/27/2017;1
J5O4QM;203;1;06/27/2017;1
4881UJ;204;1;06/27/2017;1
9D370D;205;1;06/27/2017;1
38EZ9C;206;1;06/27/2017;1
SV7345;207;1;06/27/2017;1
UO3V28;208;1;06/27/2017;1
AU5M95;209;1;06/27/2017;1
2BXZ84;210;1;06/27/2017;1
LZ5K61;211;1;06/27/2017;1
46H57T;212;1;06/27/2017;1
MD310M;213;1;06/27/2017;1
J78L4N;214;1;06/27/2017;1
C84E3V;215;1;06/27/2017;1
K0B9Q6;216;1;06/27/2017;1
GX6HQ4;217;1;06/27/2017;1
49GS00;218;1;06/27/2017;1
4Z5WL6;219;1;06/27/2017;1
E69KX9;220;1;06/27/2017;1
6PD4YL;221;1;06/27/2017;1
2D0FVL;222;1;06/27/2017;1
2795PT;223;1;06/27/2017;1
OQF5A5;224;1;06/27/2017;1
XZN127;225;1;06/27/2017;1
542N17;226;1;06/27/2017;1
1R0C4B;227;1;06/27/2017;1
YC478L;228;1;06/27/2017;1
LC7L75;229;1;06/27/2017;1
GJTWQZ;230;1;06/27/2017;1
Y552JS;231;1;06/27/2017;1
73KGU6;232;1;06/27/2017;1
XAY8OI;233;1;06/27/2017;1
5O5O1P;234;1;06/27/2017;1
Z8UZ1D;235;1;06/27/2017;1
45L07R;236;1;06/27/2017;1
7Q9FRZ;237;1;06/27/2017;1
121159;238;1;06/27/2017;1
R3V619;239;1;06/27/2017;1
O15IYD;240;1;06/27/2017;1
7H445C;241;1;06/27/2017;1
918L44;242;1;06/27/2017;1
405BD8;243;1;06/27/2017;1
93NGR9;244;1;06/27/2017;1
0J2YP7;245;1;06/27/2017;1
O6J953;246;1;06/27/2017;1
I77OTT;247;1;06/27/2017;1
4SXY16;248;1;06/27/2017;1
0VPBMB;249;1;06/27/2017;1
0LPYAG;250;1;06/27/2017;1
M3936N;251;1;06/27/2017;1
681XB6;252;1;06/27/2017;1
XD4X26;253;1;06/27/2017;1
89LJPQ;254;1;06/27/2017;1
T5227Z;255;1;06/27/2017;1
7I7022;256;1;06/27/2017;1
58B2S0;257;1;06/27/2017;1
2Z8ZN2;258;1;06/27/2017;1
0XHSB2;259;1;06/27/2017;1
3V7I1O;260;1;06/27/2017;1
6U8S33;261;1;06/27/2017;1
GG8AO7;262;1;06/27/2017;1
RYUWBV;263;1;06/27/2017;1
8DP00E;264;1;06/27/2017;1
6KSLHF;265;1;06/27/2017;1
AT6424;266;1;06/27/2017;1
WQ4439;267;1;06/27/2017;1
U6067Y;268;1;06/27/2017;1
KA5L0X;269;1;06/27/2017;1
065PGA;270;1;06/27/2017;1
438R3N;271;1;06/27/2017;1
88W6JN;272;1;06/27/2017;1
T8L2HR;273;1;06/27/2017;1
9P66DT;274;1;06/27/2017;1
NR6OA2;275;1;06/27/2017;1
1DR4NG;276;1;06/27/2017;1
5FT310;277;1;06/27/2017;1
AI72VY;278;1;06/27/2017;1
0N69T6;279;1;06/27/2017;1
22GXTS;280;1;06/27/2017;1
13RO80;281;1;06/27/2017;1
G58K09;282;1;06/27/2017;1
3EVUL5;283;1;06/27/2017;1
Q09SO8;284;1;06/27/2017;1
6KK34X;285;1;06/27/2017;1
22BD19;286;1;06/27/2017;1
255334;287;1;06/27/2017;1
9DI875;288;1;06/27/2017;1
950046;289;1;06/27/2017;1
C66Z8A;290;1;06/27/2017;1
0G1163;291;1;06/27/2017;1
285RFT;292;1;06/27/2017;1
13W5PD;293;1;06/27/2017;1
99AR8X;294;1;06/27/2017;1
498U2P;295;1;06/27/2017;1
P713GH;296;1;06/27/2017;1
RG7TA7;297;1;06/27/2017;1
8YJ25X;298;1;06/27/2017;1
76104A;299;1;06/27/2017;1
0MT0VQ;300;1;06/27/2017;1
0RPI71;301;1;06/27/2017;1
3Y9Y8J;302;1;06/27/2017;1
100WN1;303;1;06/27/2017;1
377VVN;304;1;06/27/2017;1
OYC20H;305;1;06/27/2017;1
3A63QH;306;1;06/27/2017;1
NC1289;307;1;06/27/2017;1
8GZO99;308;1;06/27/2017;1
9X0585;309;1;06/27/2017;1
Y8R567;310;1;06/27/2017;1
1L01PT;311;1;06/27/2017;1
3M6OW6;312;1;06/27/2017;1
YIT97X;313;1;06/27/2017;1
2U65N6;314;1;06/27/2017;1
Z81G1P;315;1;06/27/2017;1
8A09J3;316;1;06/27/2017;1
12HUK4;317;1;06/27/2017;1
771Q40;318;1;06/27/2017;1
6J3RFG;319;1;06/27/2017;1
X78B0Q;320;1;06/27/2017;1
CPH90W;321;1;06/27/2017;1
3OD280;322;1;06/27/2017;1
62B53Z;323;1;06/27/2017;1
08CN96;324;1;06/27/2017;1
7QS9VF;325;1;06/27/2017;1
1KD3U2;326;1;06/27/2017;1
C6CI42;327;1;06/27/2017;1
N4LK81;328;1;06/27/2017;1
OJ92VR;329;1;06/27/2017;1
Y6DH21;330;1;06/27/2017;1
TH2PJ2;331;1;06/27/2017;1
9RL9RI;332;1;06/27/2017;1
72N6F1;333;1;06/27/2017;1
S8HZ22;334;1;06/27/2017;1
BK13GC;335;1;06/27/2017;1
1Q569L;336;1;06/27/2017;1
JD4N07;337;1;06/27/2017;1
DJN60J;338;1;06/27/2017;1
5717AN;339;1;06/27/2017;1
G6H455;340;1;06/27/2017;1
3X0SYZ;341;1;06/27/2017;1
474C39;342;1;06/27/2017;1
GUP95L;343;1;06/27/2017;1
8P5VN0;344;1;06/27/2017;1
R7Z585;345;1;06/27/2017;1
H0LMJK;346;1;06/27/2017;1
E87UK7;347;1;06/27/2017;1
6AA65L;348;1;06/27/2017;1
003279;349;1;06/27/2017;1
578M8Z;350;1;06/27/2017;1
39M46E;351;1;06/27/2017;1
U6QQ88;352;1;06/27/2017;1
T81Q9G;353;1;06/27/2017;1
MM0589;354;1;06/27/2017;1
0T5VEV;355;1;06/27/2017;1
Q8F398;356;1;06/27/2017;1
03T3K2;357;1;06/27/2017;1
X8W3S2;358;1;06/27/2017;1
983376;359;1;06/27/2017;1
4SZ595;360;1;06/27/2017;1
113P98;361;1;06/27/2017;1
4O761K;362;1;06/27/2017;1
7UV4E8;363;1;06/27/2017;1
HOY149;364;1;06/27/2017;1
TWHTAB;365;1;06/27/2017;1
T2E903;366;1;06/27/2017;1
6QYVBA;367;1;06/27/2017;1
P9C6O3;368;1;06/27/2017;1
41C1N8;369;1;06/27/2017;1
IE18X3;370;1;06/27/2017;1
D33C6P;371;1;06/27/2017;1
119YPH;372;1;06/27/2017;1
37U2S5;373;1;06/27/2017;1
2NQO3T;374;1;06/27/2017;1
BE7KQ1;375;1;06/27/2017;1
NM1NJR;376;1;06/27/2017;1
16M848;377;1;06/27/2017;1
1318EF;378;1;06/27/2017;1
T82D8W;379;1;06/27/2017;1
1FU153;380;1;06/27/2017;1
4E8IQB;381;1;06/27/2017;1
O240ZS;382;1;06/27/2017;1
5B7P5X;383;1;06/27/2017;1
164JCR;384;1;06/27/2017;1
6Z28BO;385;1;06/27/2017;1
WSUJ3A;386;1;06/27/2017;1
3NXTN1;387;1;06/27/2017;1
6NUMF5;388;1;06/27/2017;1
91EMJ1;389;1;06/27/2017;1
1XT898;390;1;06/27/2017;1
JWCU2E;391;1;06/27/2017;1
1D7RB5;392;1;06/27/2017;1
09B973;393;1;06/27/2017;1
WAMX78;394;1;06/27/2017;1
S800O0;395;1;06/27/2017;1
821037;396;1;06/27/2017;1
9NZRC7;397;1;06/27/2017;1
FZ41ZK;398;1;06/27/2017;1
2168MW;399;1;06/27/2017;1
5ALQ95;400;1;06/27/2017;1
5I0B2L;401;1;06/27/2017;1
MQCPGP;402;1;06/27/2017;1
QY7C9M;403;1;06/27/2017;1
22HZD8;404;1;06/27/2017;1
F5S7CS;405;1;06/27/2017;1
FUI3CL;406;1;06/27/2017;1
57WKL3;407;1;06/27/2017;1
Q704KV;408;1;06/27/2017;1
93RD61;409;1;06/27/2017;1
VF9440;410;1;06/27/2017;1
CP4HBG;411;1;06/27/2017;1
LHCME3;412;1;06/27/2017;1
P6AU04;413;1;06/27/2017;1
84LA9X;414;1;06/27/2017;1
123BPS;415;1;06/27/2017;1
56C168;416;1;06/27/2017;1
QNU5NP;417;1;06/27/2017;1
7J7JU4;418;1;06/27/2017;1
X5Z01K;419;1;06/27/2017;1
8I7LPD;420;1;06/27/2017;1
746JVJ;421;1;06/27/2017;1
8D2WH8;422;1;06/27/2017;1
AN5S5H;423;1;06/27/2017;1
TQ1PSX;424;1;06/27/2017;1
696FV7;425;1;06/27/2017;1
812273;426;1;06/27/2017;1
W76TY1;427;1;06/27/2017;1
F0QTYV;428;1;06/27/2017;1
YHYVF2;429;1;06/27/2017;1
6X5VQ0;430;1;06/27/2017;1
FN6623;431;1;06/27/2017;1
3I711L;432;1;06/27/2017;1
FHOFRN;433;1;06/27/2017;1
2627I2;434;1;06/27/2017;1
QVW9EY;435;1;06/27/2017;1
A3N291;436;1;06/27/2017;1
D4PZ5J;437;1;06/27/2017;1
1G1A5K;438;1;06/27/2017;1
FI7656;439;1;06/27/2017;1
G57M0E;440;1;06/27/2017;1
059P60;441;1;06/27/2017;1
025FG4;442;1;06/27/2017;1
43YN36;443;1;06/27/2017;1
309U12;444;1;06/27/2017;1
6PU896;445;1;06/27/2017;1
5W8424;446;1;06/27/2017;1
WN8X45;447;1;06/27/2017;1
DZ283V;448;1;06/27/2017;1
1T49MM;449;1;06/27/2017;1
D7EC62;450;1;06/27/2017;1
P9N28U;451;1;06/27/2017;1
297432;452;1;06/27/2017;1
W2L086;453;1;06/27/2017;1
UT8B99;454;1;06/27/2017;1
8797J0;455;1;06/27/2017;1
RXSNN6;456;1;06/27/2017;1
452C3O;457;1;06/27/2017;1
962UJ2;458;1;06/27/2017;1
2X3J2C;459;1;06/27/2017;1
7O346E;460;1;06/27/2017;1
L10065;461;1;06/27/2017;1
30M3I5;462;1;06/27/2017;1
GTK689;463;1;06/27/2017;1
P6FVCX;464;1;06/27/2017;1
Y0I3OW;465;1;06/27/2017;1
BY1928;466;1;06/27/2017;1
514I2G;467;1;06/27/2017;1
QI2K42;468;1;06/27/2017;1
6A305K;469;1;06/27/2017;1
391OCU;470;1;06/27/2017;1
U2HSF5;471;1;06/27/2017;1
Y0N7J3;472;1;06/27/2017;1
C93LQ3;473;1;06/27/2017;1
SI6UN1;474;1;06/27/2017;1
554O2C;475;1;06/27/2017;1
CH6458;476;1;06/27/2017;1
936J22;477;1;06/27/2017;1
DMC97Z;478;1;06/27/2017;1
Y2RL12;479;1;06/27/2017;1
3J2199;480;1;06/27/2017;1
ZD0E4P;481;1;06/27/2017;1
0TKQ34;482;1;06/27/2017;1
46GN2Q;483;1;06/27/2017;1
UG9UHT;484;1;06/27/2017;1
891XD8;485;1;06/27/2017;1
JCKC86;486;1;06/27/2017;1
158MV8;487;1;06/27/2017;1
YU772X;488;1;06/27/2017;1
CWDMAF;489;1;06/27/2017;1
20FYU0;490;1;06/27/2017;1
81W8T9;491;1;06/27/2017;1
616487;492;1;06/27/2017;1
5IE6VA;493;1;06/27/2017;1
ILFP9J;494;1;06/27/2017;1
Z18B65;495;1;06/27/2017;1
FX5R25;496;1;06/27/2017;1
W67Z81;497;1;06/27/2017;1
88M8AX;498;1;06/27/2017;1
SM7D56;499;1;06/27/2017;1
K860TL;500;1;06/27/2017;1
118AIL;501;1;06/27/2017;1
26W1JC;502;1;06/27/2017;1
V16XPC;503;1;06/27/2017;1
WFQ8W2;504;1;06/27/2017;1
69Y851;505;1;06/27/2017;1
0Y2FS5;506;1;06/27/2017;1
RY1LO0;507;1;06/27/2017;1
UKO7ES;508;1;06/27/2017;1
D613VY;509;1;06/27/2017;1
41LK78;510;1;06/27/2017;1
HD82N1;511;1;06/27/2017;1
5R9VM5;512;1;06/27/2017;1
S74GS4;513;1;06/27/2017;1
00PDCH;514;1;06/27/2017;1
O7M5HI;515;1;06/27/2017;1
08F3A5;516;1;06/27/2017;1
RIA9EG;517;1;06/27/2017;1
MDMI84;518;1;06/27/2017;1
2C14A6;519;1;06/27/2017;1
9MBDUG;520;1;06/27/2017;1
Q71T39;521;1;06/27/2017;1
505JQ7;522;1;06/27/2017;1
3009BJ;523;1;06/27/2017;1
53T6L9;524;1;06/27/2017;1
2QBN82;525;1;06/27/2017;1
SVUC1P;526;1;06/27/2017;1
Q952LE;527;1;06/27/2017;1
8QS27K;528;1;06/27/2017;1
72DL8V;529;1;06/27/2017;1
N9C4R3;530;1;06/27/2017;1
291DE0;531;1;06/27/2017;1
ZW469J;532;1;06/27/2017;1
89788S;533;1;06/27/2017;1
4F3L0L;534;1;06/27/2017;1
W03PEL;535;1;06/27/2017;1
80F15S;536;1;06/27/2017;1
7P2AM9;537;1;06/27/2017;1
B23RE8;538;1;06/27/2017;1
Q0307U;539;1;06/27/2017;1
J0LA90;540;1;06/27/2017;1
T8Y0OQ;541;1;06/27/2017;1
3S61YM;542;1;06/27/2017;1
9EM88K;543;1;06/27/2017;1
A86L11;544;1;06/27/2017;1
6B4QJY;545;1;06/27/2017;1
K5RD7C;546;1;06/27/2017;1
G0KS68;547;1;06/27/2017;1
7C4YQK;548;1;06/27/2017;1
Y4DBI1;549;1;06/27/2017;1
DY4D75;550;1;06/27/2017;1
I723JP;551;1;06/27/2017;1
5O2I0H;552;1;06/27/2017;1
9XBS6R;553;1;06/27/2017;1
86TG3M;554;1;06/27/2017;1
57SGT9;555;1;06/27/2017;1
474ICW;556;1;06/27/2017;1
1H00IW;557;1;06/27/2017;1
DK40BL;558;1;06/27/2017;1
58M2S3;559;1;06/27/2017;1
882Q43;560;1;06/27/2017;1
9Y6A70;561;1;06/27/2017;1
U2Z1I1;562;1;06/27/2017;1
0Z7DV7;563;1;06/27/2017;1
V7DW6R;564;1;06/27/2017;1
6C16U4;565;1;06/27/2017;1
169H0A;566;1;06/27/2017;1
0K45XC;567;1;06/27/2017;1
97244L;568;1;06/27/2017;1
3L69R7;569;1;06/27/2017;1
Y40FMG;570;1;06/27/2017;1
3M3RO6;571;1;06/27/2017;1
F8A6L4;572;1;06/27/2017;1
071UJ7;573;1;06/27/2017;1
N86577;574;1;06/27/2017;1
8E6092;575;1;06/27/2017;1
81W539;576;1;06/27/2017;1
4ZB693;577;1;06/27/2017;1
3JI620;578;1;06/27/2017;1
4B92XZ;579;1;06/27/2017;1
ZDR3U0;580;1;06/27/2017;1
2T8A1X;581;1;06/27/2017;1
PK4ETZ;582;1;06/27/2017;1
2JIUNN;583;1;06/27/2017;1
IYAVWX;584;1;06/27/2017;1
D22810;585;1;06/27/2017;1
YHXELJ;586;1;06/27/2017;1
TH3360;587;1;06/27/2017;1
UKJ545;588;1;06/27/2017;1
QBC17J;589;1;06/27/2017;1
1MO0MD;590;1;06/27/2017;1
6L0ONF;591;1;06/27/2017;1
8ILD6R;592;1;06/27/2017;1
120Q26;593;1;06/27/2017;1
UX82AV;594;1;06/27/2017;1
076N3I;595;1;06/27/2017;1
9RC61O;596;1;06/27/2017;1
TT616S;597;1;06/27/2017;1
5UN6JQ;598;1;06/27/2017;1
7G9403;599;1;06/27/2017;1
8BWS9O;600;1;06/27/2017;1
36377S;601;1;06/27/2017;1
NYFJ5R;602;1;06/27/2017;1
JY9392;603;1;06/27/2017;1
4I8N3I;604;1;06/27/2017;1
783X07;605;1;06/27/2017;1
61ECWJ;606;1;06/27/2017;1
SM4D02;607;1;06/27/2017;1
6B33OD;608;1;06/27/2017;1
F9I08Q;609;1;06/27/2017;1
PYPZ9U;610;1;06/27/2017;1
250I9D;611;1;06/27/2017;1
60I6M5;612;1;06/27/2017;1
VC9154;613;1;06/27/2017;1
2D4RK1;614;1;06/27/2017;1
5HY6BM;615;1;06/27/2017;1
Y63TS3;616;1;06/27/2017;1
8WM2LZ;617;1;06/27/2017;1
RU0HQI;618;1;06/27/2017;1
W349AY;619;1;06/27/2017;1
45UKDW;620;1;06/27/2017;1
M0FFG7;621;1;06/27/2017;1
R9U51Q;622;1;06/27/2017;1
GOP93P;623;1;06/27/2017;1
MK2V82;624;1;06/27/2017;1
UA8F9L;625;1;06/27/2017;1
2H42EA;626;1;06/27/2017;1
36JYF9;627;1;06/27/2017;1
0Q78BA;628;1;06/27/2017;1
Z9H381;629;1;06/27/2017;1
395J8U;630;1;06/27/2017;1
5265K5;631;1;06/27/2017;1
TASXZY;632;1;06/27/2017;1
N883Y0;633;1;06/27/2017;1
ND6002;634;1;06/27/2017;1
609H33;635;1;06/27/2017;1
BS6780;636;1;06/27/2017;1
85L217;637;1;06/27/2017;1
G4LO64;638;1;06/27/2017;1
9J21JZ;639;1;06/27/2017;1
DN52R7;640;1;06/27/2017;1
93VSBJ;641;1;06/27/2017;1
VP76C6;642;1;06/27/2017;1
5K2P13;643;1;06/27/2017;1
9G9ZQ1;644;1;06/27/2017;1
7BS7MM;645;1;06/27/2017;1
UIXAID;646;1;06/27/2017;1
83F926;647;1;06/27/2017;1
52RA13;648;1;06/27/2017;1
G0C8AG;649;1;06/27/2017;1
E95O93;650;1;06/27/2017;1
55AN2W;651;1;06/27/2017;1
I612LJ;652;1;06/27/2017;1
EW1WTA;653;1;06/27/2017;1
SR801S;654;1;06/27/2017;1
4736H7;655;1;06/27/2017;1
X0OUNT;656;1;06/27/2017;1
I7ZX9L;657;1;06/27/2017;1
7389I0;658;1;06/27/2017;1
BQ00OR;659;1;06/27/2017;1
VBTA23;660;1;06/27/2017;1
9I1612;661;1;06/27/2017;1
5T8C6X;662;1;06/27/2017;1
341UE7;663;1;06/27/2017;1
S5LW9N;664;1;06/27/2017;1
9ZO7N3;665;1;06/27/2017;1
984NX4;666;1;06/27/2017;1
617LT5;667;1;06/27/2017;1
5NG9G3;668;1;06/27/2017;1
3130DJ;669;1;06/27/2017;1
46C3G9;670;1;06/27/2017;1
LM565L;671;1;06/27/2017;1
VDYF9F;672;1;06/27/2017;1
98M1H8;673;1;06/27/2017;1
G1BI00;674;1;06/27/2017;1
9CUGXH;675;1;06/27/2017;1
PQTAOR;676;1;06/27/2017;1
2F4TGO;677;1;06/27/2017;1
B5R182;678;1;06/27/2017;1
L9444C;679;1;06/27/2017;1
42MI9K;680;1;06/27/2017;1
HA8J5W;681;1;06/27/2017;1
290E8J;682;1;06/27/2017;1
6ST4R8;683;1;06/27/2017;1
3291AK;684;1;06/27/2017;1
B7JD6H;685;1;06/27/2017;1
252EI9;686;1;06/27/2017;1
J39IH4;687;1;06/27/2017;1
556396;688;1;06/27/2017;1
RYZ80F;689;1;06/27/2017;1
GD09EW;690;1;06/27/2017;1
539D6O;691;1;06/27/2017;1
67JJT3;692;1;06/27/2017;1
R2MT68;693;1;06/27/2017;1
C6GX6N;694;1;06/27/2017;1
IDZGJQ;695;1;06/27/2017;1
7WKR4H;696;1;06/27/2017;1
Q3Q793;697;1;06/27/2017;1
EG40CX;698;1;06/27/2017;1
34OUBK;699;1;06/27/2017;1
WA2141;700;1;06/27/2017;1
CNR83Y;701;1;06/27/2017;1
64129C;702;1;06/27/2017;1
2BB81P;703;1;06/27/2017;1
K7DLM8;704;1;06/27/2017;1
E471M9;705;1;06/27/2017;1
7618G4;706;1;06/27/2017;1
48FX29;707;1;06/27/2017;1
240V77;708;1;06/27/2017;1
D26WU6;709;1;06/27/2017;1
7JW2H6;710;1;06/27/2017;1
XN9WS0;711;1;06/27/2017;1
BW5C48;712;1;06/27/2017;1
8Z11YB;713;1;06/27/2017;1
8QKH63;714;1;06/27/2017;1
887FKW;715;1;06/27/2017;1
U58DHU;716;1;06/27/2017;1
AW7HIE;717;1;06/27/2017;1
W3CB4J;718;1;06/27/2017;1
S40LY0;719;1;06/27/2017;1
VEATLA;720;1;06/27/2017;1
M56ZJA;721;1;06/27/2017;1
20X7SN;722;1;06/27/2017;1
C760PT;723;1;06/27/2017;1
572SWA;724;1;06/27/2017;1
QWNPV9;725;1;06/27/2017;1
MOXS30;726;1;06/27/2017;1
0J5C0U;727;1;06/27/2017;1
DJ6E3H;728;1;06/27/2017;1
OF4U2B;729;1;06/27/2017;1
1T8HBS;730;1;06/27/2017;1
V7E664;731;1;06/27/2017;1
18Z4OS;732;1;06/27/2017;1
JK8QN1;733;1;06/27/2017;1
IE0A2G;734;1;06/27/2017;1
FNGUFV;735;1;06/27/2017;1
SYZ5ZW;736;1;06/27/2017;1
31275C;737;1;06/27/2017;1
TX9058;738;1;06/27/2017;1
LCO4F5;739;1;06/27/2017;1
612101;740;1;06/27/2017;1
VB33R9;741;1;06/27/2017;1
ZEU71S;742;1;06/27/2017;1
7RK1OV;743;1;06/27/2017;1
PBYK9W;744;1;06/27/2017;1
9G53K5;745;1;06/27/2017;1
IRV140;746;1;06/27/2017;1
4W5PE4;747;1;06/27/2017;1
7KJ020;748;1;06/27/2017;1
M62966;749;1;06/27/2017;1
G02435;750;1;06/27/2017;1
PLSPUZ;751;1;06/27/2017;1
IOBLR9;752;1;06/27/2017;1
GD4GBW;753;1;06/27/2017;1
RX06YD;754;1;06/27/2017;1
1L4167;755;1;06/27/2017;1
CJBM93;756;1;06/27/2017;1
CF1WPO;757;1;06/27/2017;1
Z9G9JL;758;1;06/27/2017;1
L4GB7T;759;1;06/27/2017;1
7ZU8ZI;760;1;06/27/2017;1
YD9W4P;761;1;06/27/2017;1
4FGS25;762;1;06/27/2017;1
40CE50;763;1;06/27/2017;1
52A7R9;764;1;06/27/2017;1
1W13ZG;765;1;06/27/2017;1
P176S4;766;1;06/27/2017;1
BSDIN7;767;1;06/27/2017;1
EYJG9D;768;1;06/27/2017;1
834Y66;769;1;06/27/2017;1
8697N4;770;1;06/27/2017;1
4712V8;771;1;06/27/2017;1
CLCCPF;772;1;06/27/2017;1
5J7EKW;773;1;06/27/2017;1
5SYI9F;774;1;06/27/2017;1
HQF44T;775;1;06/27/2017;1
GUO04G;776;1;06/27/2017;1
U1DJHC;777;1;06/27/2017;1
H2J31Y;778;1;06/27/2017;1
E6ESI2;779;1;06/27/2017;1
V05982;780;1;06/27/2017;1
86BD6J;781;1;06/27/2017;1
3X6MH2;782;1;06/27/2017;1
K82695;783;1;06/27/2017;1
6QQ7YA;784;1;06/27/2017;1
S3G0MO;785;1;06/27/2017;1
1877GL;786;1;06/27/2017;1
58796M;787;1;06/27/2017;1
PQH158;788;1;06/27/2017;1
WUB9P1;789;1;06/27/2017;1
SBR0J3;790;1;06/27/2017;1
WI182S;791;1;06/27/2017;1
MZIAMY;792;1;06/27/2017;1
V4LZAC;793;1;06/27/2017;1
9GBZ3Y;794;1;06/27/2017;1
UNHXS8;795;1;06/27/2017;1
GPH702;796;1;06/27/2017;1
2HIU0M;797;1;06/27/2017;1
8YS5G3;798;1;06/27/2017;1
SY5H4F;799;1;06/27/2017;1
W0RT23;800;1;06/27/2017;1
3XE576;801;1;06/27/2017;1
9771L0;802;1;06/27/2017;1
283YHF;803;1;06/27/2017;1
BH7YUN;804;1;06/27/2017;1
DZ58R4;805;1;06/27/2017;1
IZT895;806;1;06/27/2017;1
49K1WO;807;1;06/27/2017;1
ZLIC9K;808;1;06/27/2017;1
Y51V7N;809;1;06/27/2017;1
4Q92J6;810;1;06/27/2017;1
OHSH4C;811;1;06/27/2017;1
51476K;812;1;06/27/2017;1
G388DL;813;1;06/27/2017;1
7DDAX0;814;1;06/27/2017;1
GI02N5;815;1;06/27/2017;1
1B4M76;816;1;06/27/2017;1
FMGRDO;817;1;06/27/2017;1
4ZHYRJ;818;1;06/27/2017;1
LOSLLV;819;1;06/27/2017;1
11D30N;820;1;06/27/2017;1
G3I1RW;821;1;06/27/2017;1
6X47L3;822;1;06/27/2017;1
8ONA6G;823;1;06/27/2017;1
87PX36;824;1;06/27/2017;1
4O75G5;825;1;06/27/2017;1
8H7253;826;1;06/27/2017;1
E7K1L0;827;1;06/27/2017;1
X77SQ5;828;1;06/27/2017;1
J8T210;829;1;06/27/2017;1
N3F479;830;1;06/27/2017;1
QM6Y8O;831;1;06/27/2017;1
0B51N7;832;1;06/27/2017;1
F6M286;833;1;06/27/2017;1
2QM3Q8;834;1;06/27/2017;1
JCQ9PC;835;1;06/27/2017;1
SD61BM;836;1;06/27/2017;1
98A0N7;837;1;06/27/2017;1
0OZ0BS;838;1;06/27/2017;1
CY2IV2;839;1;06/27/2017;1
U916D9;840;1;06/27/2017;1
U01Z09;841;1;06/27/2017;1
J8J06B;842;1;06/27/2017;1
Z25G56;843;1;06/27/2017;1
7G00L3;844;1;06/27/2017;1
R7SBU7;845;1;06/27/2017;1
I4U6F2;846;1;06/27/2017;1
8Q914N;847;1;06/27/2017;1
2CIME9;848;1;06/27/2017;1
C30I35;849;1;06/27/2017;1
UUMVZ3;850;1;06/27/2017;1
Q9FM69;851;1;06/27/2017;1
B2L6Y7;852;1;06/27/2017;1
995BA1;853;1;06/27/2017;1
3E2QQ9;854;1;06/27/2017;1
6RDYA4;855;1;06/27/2017;1
22FW46;856;1;06/27/2017;1
9M1A35;857;1;06/27/2017;1
41I4ZR;858;1;06/27/2017;1
X1D382;859;1;06/27/2017;1
GPJ3X0;860;1;06/27/2017;1
Z545C7;861;1;06/27/2017;1
VZQ35D;862;1;06/27/2017;1
ELD2GR;863;1;06/27/2017;1
8RDL1Y;864;1;06/27/2017;1
9BV3LO;865;1;06/27/2017;1
RR822I;866;1;06/27/2017;1
3BC4QN;867;1;06/27/2017;1
0A1A6X;868;1;06/27/2017;1
116TMA;869;1;06/27/2017;1
R8UZM9;870;1;06/27/2017;1
H0C649;871;1;06/27/2017;1
V8E208;872;1;06/27/2017;1
T20BMC;873;1;06/27/2017;1
A2N0C6;874;1;06/27/2017;1
220DU4;875;1;06/27/2017;1
7C58RJ;876;1;06/27/2017;1
9HMUO0;877;1;06/27/2017;1
6S0B74;878;1;06/27/2017;1
437RY7;879;1;06/27/2017;1
11O019;880;1;06/27/2017;1
AZ93V0;881;1;06/27/2017;1
XUM256;882;1;06/27/2017;1
Y381KC;883;1;06/27/2017;1
K22EF3;884;1;06/27/2017;1
X8G28C;885;1;06/27/2017;1
YG9KIG;886;1;06/27/2017;1
YQT582;887;1;06/27/2017;1
OAX8A0;888;1;06/27/2017;1
IGDU68;889;1;06/27/2017;1
355RJ6;890;1;06/27/2017;1
J88XR5;891;1;06/27/2017;1
H42A75;892;1;06/27/2017;1
ABT9TH;893;1;06/27/2017;1
O2E7QP;894;1;06/27/2017;1
826FA0;895;1;06/27/2017;1
S4CZ43;896;1;06/27/2017;1
F2Q283;897;1;06/27/2017;1
M60A13;898;1;06/27/2017;1
804EF9;899;1;06/27/2017;1
10Y3GP;900;1;06/27/2017;1
61KADB;901;1;06/27/2017;1
7XP91C;902;1;06/27/2017;1
Z6K43U;903;1;06/27/2017;1
03SM16;904;1;06/27/2017;1
4SL7L8;905;1;06/27/2017;1
SVV10I;906;1;06/27/2017;1
XB7T70;907;1;06/27/2017;1
12662P;908;1;06/27/2017;1
ET05SF;909;1;06/27/2017;1
X19479;910;1;06/27/2017;1
R0A3Z5;911;1;06/27/2017;1
VE9SJ4;912;1;06/27/2017;1
284658;913;1;06/27/2017;1
64ISVV;914;1;06/27/2017;1
024N8W;915;1;06/27/2017;1
L480TK;916;1;06/27/2017;1
M5LJE0;917;1;06/27/2017;1
G302E5;918;1;06/27/2017;1
I8ZF6Z;919;1;06/27/2017;1
2509VW;920;1;06/27/2017;1
897UB8;921;1;06/27/2017;1
JUG539;922;1;06/27/2017;1
07SQER;923;1;06/27/2017;1
YMNW9Y;924;1;06/27/2017;1
4AX0CG;925;1;06/27/2017;1
Q1J957;926;1;06/27/2017;1
17W50R;927;1;06/27/2017;1
585U01;928;1;06/27/2017;1
I22IOF;929;1;06/27/2017;1
465H89;930;1;06/27/2017;1
N00O10;931;1;06/27/2017;1
25QON3;932;1;06/27/2017;1
UYW81T;933;1;06/27/2017;1
43VVZ9;934;1;06/27/2017;1
607I75;935;1;06/27/2017;1
FM49L4;936;1;06/27/2017;1
53Y7E3;937;1;06/27/2017;1
W154Y7;938;1;06/27/2017;1
YO52D9;939;1;06/27/2017;1
AJ5WKR;940;1;06/27/2017;1
0365BY;941;1;06/27/2017;1
885R7O;942;1;06/27/2017;1
WU3TS5;943;1;06/27/2017;1
821XE2;944;1;06/27/2017;1
513M0X;945;1;06/27/2017;1
F77319;946;1;06/27/2017;1
7LK4T9;947;1;06/27/2017;1
G3F877;948;1;06/27/2017;1
FOR26W;949;1;06/27/2017;1
7CCU67;950;1;06/27/2017;1
5714J6;951;1;06/27/2017;1
LL08WH;952;1;06/27/2017;1
WB65XA;953;1;06/27/2017;1
DBG4X5;954;1;06/27/2017;1
18FX6Z;955;1;06/27/2017;1
MI5CU0;956;1;06/27/2017;1
544T6Q;957;1;06/27/2017;1
ZVXWS5;958;1;06/27/2017;1
QS22V7;959;1;06/27/2017;1
ENC51F;960;1;06/27/2017;1
MZ077N;961;1;06/27/2017;1
FE6B3S;962;1;06/27/2017;1
254TPQ;963;1;06/27/2017;1
34A23W;964;1;06/27/2017;1
35UF94;965;1;06/27/2017;1
B52384;966;1;06/27/2017;1
75H60Z;967;1;06/27/2017;1
50J5X0;968;1;06/27/2017;1
AI2175;969;1;06/27/2017;1
0PP1T0;970;1;06/27/2017;1
57C421;971;1;06/27/2017;1
9F9UYF;972;1;06/27/2017;1
3S1003;973;1;06/27/2017;1
G6H833;974;1;06/27/2017;1
1FAW99;975;1;06/27/2017;1
S857Y9;976;1;06/27/2017;1
39OM6W;977;1;06/27/2017;1
P6Z2LV;978;1;06/27/2017;1
NFFKX3;979;1;06/27/2017;1
K8Z1S3;980;1;06/27/2017;1
PZ5405;981;1;06/27/2017;1
73023P;982;1;06/27/2017;1
0XUOAC;983;1;06/27/2017;1
JUBLP6;984;1;06/27/2017;1
724WJR;985;1;06/27/2017;1
16BY17;986;1;06/27/2017;1
7XPU5R;987;1;06/27/2017;1
28BY7O;988;1;06/27/2017;1
YU65UF;989;1;06/27/2017;1
2D92WZ;990;1;06/27/2017;1
Y15NIX;991;1;06/27/2017;1
XIB78R;992;1;06/27/2017;1
9UU8TO;993;1;06/27/2017;1
SKGT46;994;1;06/27/2017;1
5RPOY0;995;1;06/27/2017;1
Z8X2P4;996;1;06/27/2017;1
3561V3;997;1;06/27/2017;1
7OJ3X6;998;1;06/27/2017;1
YP5SLZ;999;1;06/27/2017;1
4L49XI;1000;1;06/27/2017;1
6MP06C;1001;1;06/27/2017;1
WW64JA;1002;1;06/27/2017;1
T3Y4LM;1003;1;06/27/2017;1
1036C3;1004;1;06/27/2017;1
M58644;1005;1;06/27/2017;1
L091X8;1006;1;06/27/2017;1
GKQ282;1007;1;06/27/2017;1
702618;1008;1;06/27/2017;1
C972J3;1009;1;06/27/2017;1
4OQ2H6;1010;1;06/27/2017;1
S5NB89;1011;1;06/27/2017;1
J5RRJ6;1012;1;06/27/2017;1
1WFIS3;1013;1;06/27/2017;1
5W91U9;1014;1;06/27/2017;1
91P5D2;1015;1;06/27/2017;1
H9OUZ7;1016;1;06/27/2017;1
1E58D8;1017;1;06/27/2017;1
ACT9F7;1018;1;06/27/2017;1
4S0SO7;1019;1;06/27/2017;1
GZ8U11;1020;1;06/27/2017;1
PK2V68;1021;1;06/27/2017;1
JT7008;1022;1;06/27/2017;1
FS93QN;1023;1;06/27/2017;1
8057W9;1024;1;06/27/2017;1
J70T9D;1025;1;06/27/2017;1
IMX3MK;1026;1;06/27/2017;1
4699XK;1027;1;06/27/2017;1
U4ME2H;1028;1;06/27/2017;1
0Q5873;1029;1;06/27/2017;1
D155ZL;1030;1;06/27/2017;1
TS7NZ8;1031;1;06/27/2017;1
7L0454;1032;1;06/27/2017;1
6ZNH6R;1033;1;06/27/2017;1
HLL9M7;1034;1;06/27/2017;1
JD2TP3;1035;1;06/27/2017;1
Q7R2PC;1036;1;06/27/2017;1
R37XV3;1037;1;06/27/2017;1
91S88V;1038;1;06/27/2017;1
WKA98D;1039;1;06/27/2017;1
5ELOWK;1040;1;06/27/2017;1
M2FF2R;1041;1;06/27/2017;1
0J1AR3;1042;1;06/27/2017;1
K17TV4;1043;1;06/27/2017;1
9P4ZFL;1044;1;06/27/2017;1
80212M;1045;1;06/27/2017;1
61Y4Q6;1046;1;06/27/2017;1
Q87U96;1047;1;06/27/2017;1
901510;1048;1;06/27/2017;1
OSM1Z6;1049;1;06/27/2017;1
3UXU9S;1050;1;06/27/2017;1
3Y31X7;1051;1;06/27/2017;1
6UAW1M;1052;1;06/27/2017;1
9N791P;1053;1;06/27/2017;1
0279S1;1054;1;06/27/2017;1
O3387S;1055;1;06/27/2017;1
OPSK61;1056;1;06/27/2017;1
6DG5JW;1057;1;06/27/2017;1
IPN875;1058;1;06/27/2017;1
06Q0SQ;1059;1;06/27/2017;1
21PO90;1060;1;06/27/2017;1
B6NAKY;1061;1;06/27/2017;1
8Z3046;1062;1;06/27/2017;1
9D047A;1063;1;06/27/2017;1
16I0NB;1064;1;06/27/2017;1
E9J9AY;1065;1;06/27/2017;1
C56I71;1066;1;06/27/2017;1
G17Y83;1067;1;06/27/2017;1
211WGN;1068;1;06/27/2017;1
7E0MC4;1069;1;06/27/2017;1
L7T373;1070;1;06/27/2017;1
0JD418;1071;1;06/27/2017;1
0OZJ4F;1072;1;06/27/2017;1
411AGL;1073;1;06/27/2017;1
3H9258;1074;1;06/27/2017;1
2G9GD6;1075;1;06/27/2017;1
671JKN;1076;1;06/27/2017;1
1Z95DR;1077;1;06/27/2017;1
Q06W10;1078;1;06/27/2017;1
768LS2;1079;1;06/27/2017;1
08EID2;1080;1;06/27/2017;1
8U0GV7;1081;1;06/27/2017;1
621W37;1082;1;06/27/2017;1
SVA0XX;1083;1;06/27/2017;1
45D9M3;1084;1;06/27/2017;1
X919XI;1085;1;06/27/2017;1
9X3L72;1086;1;06/27/2017;1
8O449S;1087;1;06/27/2017;1
PZ9MF2;1088;1;06/27/2017;1
95XC35;1089;1;06/27/2017;1
2OBV3A;1090;1;06/27/2017;1
7295Q8;1091;1;06/27/2017;1
B28N07;1092;1;06/27/2017;1
B92383;1093;1;06/27/2017;1
TA83MT;1094;1;06/27/2017;1
139M8V;1095;1;06/27/2017;1
6745XU;1096;1;06/27/2017;1
6A93H3;1097;1;06/27/2017;1
RVKJ5B;1098;1;06/27/2017;1
1678CN;1099;1;06/27/2017;1
MM2S4U;1100;1;06/27/2017;1
DBL3A3;1101;1;06/27/2017;1
961QPR;1102;1;06/27/2017;1
377959;1103;1;06/27/2017;1
W83BI1;1104;1;06/27/2017;1
3ZBUV1;1105;1;06/27/2017;1
J6291J;1106;1;06/27/2017;1
60Y1JY;1107;1;06/27/2017;1
WK299H;1108;1;06/27/2017;1
O2P75I;1109;1;06/27/2017;1
83JF6U;1110;1;06/27/2017;1
173351;1111;1;06/27/2017;1
K59U63;1112;1;06/27/2017;1
447260;1113;1;06/27/2017;1
O0C1EA;1114;1;06/27/2017;1
C434HO;1115;1;06/27/2017;1
ENJ04S;1116;1;06/27/2017;1
X3N4ZL;1117;1;06/27/2017;1
RKYENU;1118;1;06/27/2017;1
076FNJ;1119;1;06/27/2017;1
66NI83;1120;1;06/27/2017;1
YOH13L;1121;1;06/27/2017;1
BP8F5I;1122;1;06/27/2017;1
I14LE7;1123;1;06/27/2017;1
9V3GFL;1124;1;06/27/2017;1
E97MB9;1125;1;06/27/2017;1
1S7451;1126;1;06/27/2017;1
88O6CR;1127;1;06/27/2017;1
019U25;1128;1;06/27/2017;1
233COI;1129;1;06/27/2017;1
UHL9ZN;1130;1;06/27/2017;1
6187PR;1131;1;06/27/2017;1
642M4U;1132;1;06/27/2017;1
DROFF4;1133;1;06/27/2017;1
4CQ4OE;1134;1;06/27/2017;1
YS6SJ2;1135;1;06/27/2017;1
478257;1136;1;06/27/2017;1
J26C48;1137;1;06/27/2017;1
57291W;1138;1;06/27/2017;1
KO4O0O;1139;1;06/27/2017;1
021NH8;1140;1;06/27/2017;1
C67O6Q;1141;1;06/27/2017;1
973Q0V;1142;1;06/27/2017;1
5F77EQ;1143;1;06/27/2017;1
TFSQ3K;1144;1;06/27/2017;1
3D82SV;1145;1;06/27/2017;1
S0GZDU;1146;1;06/27/2017;1
85JDB6;1147;1;06/27/2017;1
E5897W;1148;1;06/27/2017;1
8D6WE0;1149;1;06/27/2017;1
K41SM9;1150;1;06/27/2017;1
CX324P;1151;1;06/27/2017;1
DJ47Q6;1152;1;06/27/2017;1
E852II;1153;1;06/27/2017;1
429S12;1154;1;06/27/2017;1
4M1HQ7;1155;1;06/27/2017;1
8TH5G4;1156;1;06/27/2017;1
UL6P34;1157;1;06/27/2017;1
TOQ7DH;1158;1;06/27/2017;1
KJ9J1P;1159;1;06/27/2017;1
56R3MB;1160;1;06/27/2017;1
7N5O89;1161;1;06/27/2017;1
O00567;1162;1;06/27/2017;1
1EO707;1163;1;06/27/2017;1
FFRW4M;1164;1;06/27/2017;1
F52R6W;1165;1;06/27/2017;1
Y4FE52;1166;1;06/27/2017;1
9JB09Z;1167;1;06/27/2017;1
B7LUAY;1168;1;06/27/2017;1
68MB35;1169;1;06/27/2017;1
YIU583;1170;1;06/27/2017;1
7N655E;1171;1;06/27/2017;1
011CWS;1172;1;06/27/2017;1
UIS86W;1173;1;06/27/2017;1
B17C0P;1174;1;06/27/2017;1
655R46;1175;1;06/27/2017;1
N4K4D9;1176;1;06/27/2017;1
K598Q3;1177;1;06/27/2017;1
WN638J;1178;1;06/27/2017;1
69YYJG;1179;1;06/27/2017;1
8DE2HQ;1180;1;06/27/2017;1
62C4O8;1181;1;06/27/2017;1
RGH44Y;1182;1;06/27/2017;1
OCZ78G;1183;1;06/27/2017;1
35U88L;1184;1;06/27/2017;1
2D0D7P;1185;1;06/27/2017;1
12L8F1;1186;1;06/27/2017;1
0948NY;1187;1;06/27/2017;1
1S9EV5;1188;1;06/27/2017;1
4196EC;1189;1;06/27/2017;1
ZNM6D1;1190;1;06/27/2017;1
E6684Z;1191;1;06/27/2017;1
K82QST;1192;1;06/27/2017;1
88KKDM;1193;1;06/27/2017;1
KXF2ZO;1194;1;06/27/2017;1
ALZ53H;1195;1;06/27/2017;1
WR9O1F;1196;1;06/27/2017;1
WYAW3O;1197;1;06/27/2017;1
AE4252;1198;1;06/27/2017;1
MDYU4T;1199;1;06/27/2017;1
6POEKW;1200;1;06/27/2017;1
7AJZ4I;1201;1;06/27/2017;1
GWWCOP;1202;1;06/27/2017;1
EZ6YIA;1203;1;06/27/2017;1
2IMQ29;1204;1;06/27/2017;1
G0J5O1;1205;1;06/27/2017;1
0TKRIN;1206;1;06/27/2017;1
OT6FO1;1207;1;06/27/2017;1
P5B511;1208;1;06/27/2017;1
IVM3UJ;1209;1;06/27/2017;1
59OQ4T;1210;1;06/27/2017;1
WTO5Z8;1211;1;06/27/2017;1
73M0J3;1212;1;06/27/2017;1
TN2JL1;1213;1;06/27/2017;1
19K8CL;1214;1;06/27/2017;1
33H3TB;1215;1;06/27/2017;1
1ND5J1;1216;1;06/27/2017;1
IHZW5Q;1217;1;06/27/2017;1
3764K1;1218;1;06/27/2017;1
9ER38B;1219;1;06/27/2017;1
6MB5H6;1220;1;06/27/2017;1
DZ901D;1221;1;06/27/2017;1
N81M77;1222;1;06/27/2017;1
V0XZ2L;1223;1;06/27/2017;1
CLP77S;1224;1;06/27/2017;1
87T2Y7;1225;1;06/27/2017;1
DC4N09;1226;1;06/27/2017;1
K8MH78;1227;1;06/27/2017;1
HTG33W;1228;1;06/27/2017;1
1C8P6H;1229;1;06/27/2017;1
W6OGRV;1230;1;06/27/2017;1
28Z2EF;1231;1;06/27/2017;1
C435DT;1232;1;06/27/2017;1
532929;1233;1;06/27/2017;1
1F4H0G;1234;1;06/27/2017;1
7971F7;1235;1;06/27/2017;1
U1EV22;1236;1;06/27/2017;1
21F3Z6;1237;1;06/27/2017;1
601D2V;1238;1;06/27/2017;1
2BDIH7;1239;1;06/27/2017;1
GF57QD;1240;1;06/27/2017;1
1P2D9O;1241;1;06/27/2017;1
55H4J1;1242;1;06/27/2017;1
QQO6PF;1243;1;06/27/2017;1
55X3Q9;1244;1;06/27/2017;1
S4OOR2;1245;1;06/27/2017;1
6L8MU6;1246;1;06/27/2017;1
78ZG21;1247;1;06/27/2017;1
7GZO59;1248;1;06/27/2017;1
79K7FD;1249;1;06/27/2017;1
BV302R;1250;1;06/27/2017;1
D7Z232;1251;1;06/27/2017;1
L31MW2;1252;1;06/27/2017;1
SQO20U;1253;1;06/27/2017;1
OQLIS7;1254;1;06/27/2017;1
58NFA2;1255;1;06/27/2017;1
07IKH6;1256;1;06/27/2017;1
XR09WF;1257;1;06/27/2017;1
1ISCV0;1258;1;06/27/2017;1
YNQ4X5;1259;1;06/27/2017;1
2KKAL4;1260;1;06/27/2017;1
7GUS3T;1261;1;06/27/2017;1
96BA05;1262;1;06/27/2017;1
A15V0D;1263;1;06/27/2017;1
20BF4C;1264;1;06/27/2017;1
EC15E0;1265;1;06/27/2017;1
VPNO96;1266;1;06/27/2017;1
10RMWV;1267;1;06/27/2017;1
II5S9V;1268;1;06/27/2017;1
58JNJH;1269;1;06/27/2017;1
59ZTI8;1270;1;06/27/2017;1
O5T02W;1271;1;06/27/2017;1
N9AXSK;1272;1;06/27/2017;1
50DAD4;1273;1;06/27/2017;1
LL4W5V;1274;1;06/27/2017;1
E420X2;1275;1;06/27/2017;1
87OW5W;1276;1;06/27/2017;1
6EM702;1277;1;06/27/2017;1
R1CP12;1278;1;06/27/2017;1
94Y4Z4;1279;1;06/27/2017;1
5G22HU;1280;1;06/27/2017;1
7G74XJ;1281;1;06/27/2017;1
14536W;1282;1;06/27/2017;1
WO2GJ6;1283;1;06/27/2017;1
JKMWP8;1284;1;06/27/2017;1
KM4331;1285;1;06/27/2017;1
J92F2Z;1286;1;06/27/2017;1
55H7PN;1287;1;06/27/2017;1
H27LAR;1288;1;06/27/2017;1
75J3B3;1289;1;06/27/2017;1
496A26;1290;1;06/27/2017;1
W9RL54;1291;1;06/27/2017;1
941GVK;1292;1;06/27/2017;1
GJJ588;1293;1;06/27/2017;1
4A2404;1294;1;06/27/2017;1
D8QDSH;1295;1;06/27/2017;1
1U69OP;1296;1;06/27/2017;1
J02K36;1297;1;06/27/2017;1
8SSX85;1298;1;06/27/2017;1
V6DKW9;1299;1;06/27/2017;1
W30H18;1300;1;06/27/2017;1
WGSM7T;1301;1;06/27/2017;1
NI1D3R;1302;1;06/27/2017;1
S6RB9E;1303;1;06/27/2017;1
5PIBI9;1304;1;06/27/2017;1
2P29P1;1305;1;06/27/2017;1
GHZ37M;1306;1;06/27/2017;1
ZM4Q4Q;1307;1;06/27/2017;1
IK9N30;1308;1;06/27/2017;1
TO97I6;1309;1;06/27/2017;1
AWNT19;1310;1;06/27/2017;1
OKU293;1311;1;06/27/2017;1
IA583M;1312;1;06/27/2017;1
0QN85O;1313;1;06/27/2017;1
77B8AY;1314;1;06/27/2017;1
GBUXQ0;1315;1;06/27/2017;1
0883GO;1316;1;06/27/2017;1
Q350CX;1317;1;06/27/2017;1
3K7S88;1318;1;06/27/2017;1
899F05;1319;1;06/27/2017;1
S20E14;1320;1;06/27/2017;1
PDBH97;1321;1;06/27/2017;1
L817M9;1322;1;06/27/2017;1
7R85X7;1323;1;06/27/2017;1
9Z6509;1324;1;06/27/2017;1
19512Q;1325;1;06/27/2017;1
5PN9N6;1326;1;06/27/2017;1
DAG785;1327;1;06/27/2017;1
34D711;1328;1;06/27/2017;1
D53X6Z;1329;1;06/27/2017;1
K214L8;1330;1;06/27/2017;1
21J0VQ;1331;1;06/27/2017;1
75L4LC;1332;1;06/27/2017;1
X1MBF2;1333;1;06/27/2017;1
08F560;1334;1;06/27/2017;1
86V404;1335;1;06/27/2017;1
N4268G;1336;1;06/27/2017;1
20P888;1337;1;06/27/2017;1
G5FG47;1338;1;06/27/2017;1
8977MU;1339;1;06/27/2017;1
9P7Z27;1340;1;06/27/2017;1
5866S4;1341;1;06/27/2017;1
U3QJ62;1342;1;06/27/2017;1
246SX4;1343;1;06/27/2017;1
KEC2D6;1344;1;06/27/2017;1
0C67M9;1345;1;06/27/2017;1
6FQR9S;1346;1;06/27/2017;1
7A60KC;1347;1;06/27/2017;1
864351;1348;1;06/27/2017;1
21N2L7;1349;1;06/27/2017;1
J74C1A;1350;1;06/27/2017;1
0PM85X;1351;1;06/27/2017;1
8659K5;1352;1;06/27/2017;1
80N960;1353;1;06/27/2017;1
4RBPIT;1354;1;06/27/2017;1
08E6YO;1355;1;06/27/2017;1
E2Y1TK;1356;1;06/27/2017;1
56Z17B;1357;1;06/27/2017;1
48V4UY;1358;1;06/27/2017;1
8CX88E;1359;1;06/27/2017;1
415K0A;1360;1;06/27/2017;1
78P20B;1361;1;06/27/2017;1
019B6X;1362;1;06/27/2017;1
MWRJ46;1363;1;06/27/2017;1
7V1ABV;1364;1;06/27/2017;1
QM7ZQ8;1365;1;06/27/2017;1
2B65W6;1366;1;06/27/2017;1
0FG6S6;1367;1;06/27/2017;1
W77FQ7;1368;1;06/27/2017;1
VFL6T9;1369;1;06/27/2017;1
FSR2S3;1370;1;06/27/2017;1
OEW663;1371;1;06/27/2017;1
2MM9M0;1372;1;06/27/2017;1
LFV9CH;1373;1;06/27/2017;1
KX9YCY;1374;1;06/27/2017;1
X1I60W;1375;1;06/27/2017;1
FO91LD;1376;1;06/27/2017;1
F618H7;1377;1;06/27/2017;1
Q5905E;1378;1;06/27/2017;1
WC62X2;1379;1;06/27/2017;1
KS953P;1380;1;06/27/2017;1
B035TO;1381;1;06/27/2017;1
38A1LS;1382;1;06/27/2017;1
3176I5;1383;1;06/27/2017;1
85B5BD;1384;1;06/27/2017;1
AK0ZGP;1385;1;06/27/2017;1
UI513Q;1386;1;06/27/2017;1
WK58SF;1387;1;06/27/2017;1
1ZQ2HC;1388;1;06/27/2017;1
908YR3;1389;1;06/27/2017;1
8L2PCG;1390;1;06/27/2017;1
M7X609;1391;1;06/27/2017;1
K2ZJ1C;1392;1;06/27/2017;1
RW2ZSQ;1393;1;06/27/2017;1
7CW814;1394;1;06/27/2017;1
985256;1395;1;06/27/2017;1
2SQ26A;1396;1;06/27/2017;1
CK75QV;1397;1;06/27/2017;1
4997AF;1398;1;06/27/2017;1
6HXGK9;1399;1;06/27/2017;1
82DIX1;1400;1;06/27/2017;1
V7HSN5;1401;1;06/27/2017;1
8CW718;1402;1;06/27/2017;1
KI63Q5;1403;1;06/27/2017;1
4KDLJI;1404;1;06/27/2017;1
40878O;1405;1;06/27/2017;1
M7N12G;1406;1;06/27/2017;1
S8917T;1407;1;06/27/2017;1
376TFC;1408;1;06/27/2017;1
I817NJ;1409;1;06/27/2017;1
KF2180;1410;1;06/27/2017;1
K67G2B;1411;1;06/27/2017;1
L8Q4AB;1412;1;06/27/2017;1
361K4U;1413;1;06/27/2017;1
25J46S;1414;1;06/27/2017;1
JYV2U1;1415;1;06/27/2017;1
H2B432;1416;1;06/27/2017;1
O7973M;1417;1;06/27/2017;1
271CZS;1418;1;06/27/2017;1
U4GCP3;1419;1;06/27/2017;1
D9MDY3;1420;1;06/27/2017;1
8A5KY8;1421;1;06/27/2017;1
MC0P0R;1422;1;06/27/2017;1
VAK1V9;1423;1;06/27/2017;1
Y4XOO2;1424;1;06/27/2017;1
92F26Q;1425;1;06/27/2017;1
FN7IP9;1426;1;06/27/2017;1
8UB6FV;1427;1;06/27/2017;1
3H5ZCF;1428;1;06/27/2017;1
MZRD1E;1429;1;06/27/2017;1
0B76B5;1430;1;06/27/2017;1
TNMHM0;1431;1;06/27/2017;1
T5SGVO;1432;1;06/27/2017;1
NEAF4X;1433;1;06/27/2017;1
766S43;1434;1;06/27/2017;1
M57E95;1435;1;06/27/2017;1
X6ULS6;1436;1;06/27/2017;1
KHD097;1437;1;06/27/2017;1
P4QQ39;1438;1;06/27/2017;1
G2IS5L;1439;1;06/27/2017;1
M3JP0V;1440;1;06/27/2017;1
74FK2A;1441;1;06/27/2017;1
9USF8E;1442;1;06/27/2017;1
6LIE7K;1443;1;06/27/2017;1
F1FKO6;1444;1;06/27/2017;1
E1U5DD;1445;1;06/27/2017;1
Y7Q8C9;1446;1;06/27/2017;1
33X6P6;1447;1;06/27/2017;1
94V56A;1448;1;06/27/2017;1
6K4434;1449;1;06/27/2017;1
A61X22;1450;1;06/27/2017;1
P26I55;1451;1;06/27/2017;1
00G87N;1452;1;06/27/2017;1
NV4046;1453;1;06/27/2017;1
7LYV67;1454;1;06/27/2017;1
MQQZM0;1455;1;06/27/2017;1
20F0G7;1456;1;06/27/2017;1
C60T82;1457;1;06/27/2017;1
04CO0Y;1458;1;06/27/2017;1
L85T2U;1459;1;06/27/2017;1
XCB4J2;1460;1;06/27/2017;1
X8FU3G;1461;1;06/27/2017;1
0X1JO6;1462;1;06/27/2017;1
8BSD87;1463;1;06/27/2017;1
J51YXW;1464;1;06/27/2017;1
7TV0O4;1465;1;06/27/2017;1
WOPL4K;1466;1;06/27/2017;1
4AUF51;1467;1;06/27/2017;1
07B8B0;1468;1;06/27/2017;1
14C3T0;1469;1;06/27/2017;1
8948VX;1470;1;06/27/2017;1
44UIU0;1471;1;06/27/2017;1
G4L76B;1472;1;06/27/2017;1
31BGUT;1473;1;06/27/2017;1
787S4E;1474;1;06/27/2017;1
W7NX22;1475;1;06/27/2017;1
8TMW8X;1476;1;06/27/2017;1
9JZIR9;1477;1;06/27/2017;1
3437L1;1478;1;06/27/2017;1
7H16T8;1479;1;06/27/2017;1
9Z85PZ;1480;1;06/27/2017;1
1OX56W;1481;1;06/27/2017;1
N1DT90;1482;1;06/27/2017;1
TXPV66;1483;1;06/27/2017;1
A4X8P5;1484;1;06/27/2017;1
R85V2W;1485;1;06/27/2017;1
U21GF2;1486;1;06/27/2017;1
3214P8;1487;1;06/27/2017;1
51GU0G;1488;1;06/27/2017;1
U1RFRH;1489;1;06/27/2017;1
2281B0;1490;1;06/27/2017;1
1WG0BM;1491;1;06/27/2017;1
W04AWE;1492;1;06/27/2017;1
P1U044;1493;1;06/27/2017;1
35XBK9;1494;1;06/27/2017;1
I671IC;1495;1;06/27/2017;1
KE5888;1496;1;06/27/2017;1
4004ZI;1497;1;06/27/2017;1
42GP96;1498;1;06/27/2017;1
6US33A;1499;1;06/27/2017;1
6N91MD;1500;1;06/27/2017;1
26R816;1501;1;06/27/2017;1
47DRWX;1502;1;06/27/2017;1
06TJQH;1503;1;06/27/2017;1
73C95M;1504;1;06/27/2017;1
03V6Y3;1505;1;06/27/2017;1
GJ4CC8;1506;1;06/27/2017;1
YK5QVI;1507;1;06/27/2017;1
5E86VY;1508;1;06/27/2017;1
YBV4WU;1509;1;06/27/2017;1
71S99T;1510;1;06/27/2017;1
44EC74;1511;1;06/27/2017;1
57SF74;1512;1;06/27/2017;1
6961V9;1513;1;06/27/2017;1
13V4LP;1514;1;06/27/2017;1
NA724X;1515;1;06/27/2017;1
3JTC04;1516;1;06/27/2017;1
I6092K;1517;1;06/27/2017;1
K4GODU;1518;1;06/27/2017;1
4Q4HE3;1519;1;06/27/2017;1
O219D0;1520;1;06/27/2017;1
57SZ11;1521;1;06/27/2017;1
YE0FKD;1522;1;06/27/2017;1
9PZUW3;1523;1;06/27/2017;1
3888FC;1524;1;06/27/2017;1
117Z48;1525;1;06/27/2017;1
G82D07;1526;1;06/27/2017;1
041Y7E;1527;1;06/27/2017;1
3N088W;1528;1;06/27/2017;1
07OR21;1529;1;06/27/2017;1
5NKPCR;1530;1;06/27/2017;1
057YDG;1531;1;06/27/2017;1
12XBN0;1532;1;06/27/2017;1
04O913;1533;1;06/27/2017;1
RK4XEF;1534;1;06/27/2017;1
ST9WNE;1535;1;06/27/2017;1
U717TS;1536;1;06/27/2017;1
K60K14;1537;1;06/27/2017;1
QH1P20;1538;1;06/27/2017;1
04TM96;1539;1;06/27/2017;1
1GVL0O;1540;1;06/27/2017;1
79M72O;1541;1;06/27/2017;1
TSVWQJ;1542;1;06/27/2017;1
B9R9P3;1543;1;06/27/2017;1
8X4M8B;1544;1;06/27/2017;1
S7R480;1545;1;06/27/2017;1
395938;1546;1;06/27/2017;1
B846WQ;1547;1;06/27/2017;1
O6DXWB;1548;1;06/27/2017;1
0VVBHB;1549;1;06/27/2017;1
U14I68;1550;1;06/27/2017;1
AZQLBV;1551;1;06/27/2017;1
NST09M;1552;1;06/27/2017;1
NJ806R;1553;1;06/27/2017;1
H52U37;1554;1;06/27/2017;1
V888Z4;1555;1;06/27/2017;1
002I61;1556;1;06/27/2017;1
Y19G6T;1557;1;06/27/2017;1
AM50S0;1558;1;06/27/2017;1
V6186I;1559;1;06/27/2017;1
R3UU92;1560;1;06/27/2017;1
W1O94V;1561;1;06/27/2017;1
919KN3;1562;1;06/27/2017;1
I47JSB;1563;1;06/27/2017;1
929R41;1564;1;06/27/2017;1
H49OKW;1565;1;06/27/2017;1
7W9X73;1566;1;06/27/2017;1
762Z12;1567;1;06/27/2017;1
OWCG57;1568;1;06/27/2017;1
B271I3;1569;1;06/27/2017;1
BF0O2V;1570;1;06/27/2017;1
YRV4C8;1571;1;06/27/2017;1
0T72A1;1572;1;06/27/2017;1
7438SM;1573;1;06/27/2017;1
NJ923T;1574;1;06/27/2017;1
8J5E3J;1575;1;06/27/2017;1
E289T7;1576;1;06/27/2017;1
7IH3U5;1577;1;06/27/2017;1
J4879K;1578;1;06/27/2017;1
H2U0F7;1579;1;06/27/2017;1
8NGF9N;1580;1;06/27/2017;1
5U7J9R;1581;1;06/27/2017;1
PC50BQ;1582;1;06/27/2017;1
411RA4;1583;1;06/27/2017;1
24O552;1584;1;06/27/2017;1
Z1AYQ1;1585;1;06/27/2017;1
T923J8;1586;1;06/27/2017;1
41H6R4;1587;1;06/27/2017;1
I4SXS7;1588;1;06/27/2017;1
3RXDRR;1589;1;06/27/2017;1
YLRR4X;1590;1;06/27/2017;1
KF6887;1591;1;06/27/2017;1
1EUSL4;1592;1;06/27/2017;1
33200O;1593;1;06/27/2017;1
YHQJI6;1594;1;06/27/2017;1
0SILIH;1595;1;06/27/2017;1
A76ATG;1596;1;06/27/2017;1
7UU512;1597;1;06/27/2017;1
03RLO5;1598;1;06/27/2017;1
0TIRIA;1599;1;06/27/2017;1
E3KQ98;1600;1;06/27/2017;1
F88Y79;1601;1;06/27/2017;1
84S691;1602;1;06/27/2017;1
7EOW0B;1603;1;06/27/2017;1
38HK68;1604;1;06/27/2017;1
6F30JC;1605;1;06/27/2017;1
952678;1606;1;06/27/2017;1
364C28;1607;1;06/27/2017;1
OFV4AI;1608;1;06/27/2017;1
1AZGSJ;1609;1;06/27/2017;1
DVSK99;1610;1;06/27/2017;1
Z06H19;1611;1;06/27/2017;1
BZ85IL;1612;1;06/27/2017;1
I2F652;1613;1;06/27/2017;1
6FN055;1614;1;06/27/2017;1
VRK2H9;1615;1;06/27/2017;1
9M07FL;1616;1;06/27/2017;1
2H050F;1617;1;06/27/2017;1
S1DSCW;1618;1;06/27/2017;1
59W83N;1619;1;06/27/2017;1
8CGFR1;1620;1;06/27/2017;1
P87SKA;1621;1;06/27/2017;1
KSIPM4;1622;1;06/27/2017;1
DKVUBS;1623;1;06/27/2017;1
24YKV8;1624;1;06/27/2017;1
028669;1625;1;06/27/2017;1
96CVWJ;1626;1;06/27/2017;1
G10F6O;1627;1;06/27/2017;1
5Z7ZE8;1628;1;06/27/2017;1
85TV15;1629;1;06/27/2017;1
3D2YL6;1630;1;06/27/2017;1
46JQ5R;1631;1;06/27/2017;1
M99BI3;1632;1;06/27/2017;1
836J7I;1633;1;06/27/2017;1
I0E829;1634;1;06/27/2017;1
8Y1NH1;1635;1;06/27/2017;1
95VFM5;1636;1;06/27/2017;1
Q7I89W;1637;1;06/27/2017;1
K56YDX;1638;1;06/27/2017;1
Z1E3Z0;1639;1;06/27/2017;1
C41039;1640;1;06/27/2017;1
Y5P96Y;1641;1;06/27/2017;1
348J1Z;1642;1;06/27/2017;1
NI4GMU;1643;1;06/27/2017;1
2KN128;1644;1;06/27/2017;1
NFAARH;1645;1;06/27/2017;1
B6CRHH;1646;1;06/27/2017;1
02EJS3;1647;1;06/27/2017;1
RTQ3G0;1648;1;06/27/2017;1
H106JH;1649;1;06/27/2017;1
PP001A;1650;1;06/27/2017;1
H3T01K;1651;1;06/27/2017;1
7JE7Z5;1652;1;06/27/2017;1
106269;1653;1;06/27/2017;1
EB3807;1654;1;06/27/2017;1
TKE7O7;1655;1;06/27/2017;1
D29600;1656;1;06/27/2017;1
A56SJG;1657;1;06/27/2017;1
9B5AV5;1658;1;06/27/2017;1
1914FL;1659;1;06/27/2017;1
24300H;1660;1;06/27/2017;1
T4CJ8H;1661;1;06/27/2017;1
9A0412;1662;1;06/27/2017;1
43CG28;1663;1;06/27/2017;1
7122D1;1664;1;06/27/2017;1
0V488Y;1665;1;06/27/2017;1
953869;1666;1;06/27/2017;1
JC91YM;1667;1;06/27/2017;1
FFR3E1;1668;1;06/27/2017;1
1830OA;1669;1;06/27/2017;1
7W5H22;1670;1;06/27/2017;1
A6Y31Z;1671;1;06/27/2017;1
7YY899;1672;1;06/27/2017;1
2H7W9L;1673;1;06/27/2017;1
41ND88;1674;1;06/27/2017;1
7AK9TL;1675;1;06/27/2017;1
139444;1676;1;06/27/2017;1
DPD480;1677;1;06/27/2017;1
6000JB;1678;1;06/27/2017;1
AXXRZU;1679;1;06/27/2017;1
20S6Y1;1680;1;06/27/2017;1
00N47F;1681;1;06/27/2017;1
3T494U;1682;1;06/27/2017;1
822T6C;1683;1;06/27/2017;1
AXQ68K;1684;1;06/27/2017;1
Z4457F;1685;1;06/27/2017;1
VXC2PD;1686;1;06/27/2017;1
9X663W;1687;1;06/27/2017;1
1794B9;1688;1;06/27/2017;1
JS1900;1689;1;06/27/2017;1
8Y4C1P;1690;1;06/27/2017;1
RI5I1Q;1691;1;06/27/2017;1
M27Y0F;1692;1;06/27/2017;1
LC3L7L;1693;1;06/27/2017;1
8D15N4;1694;1;06/27/2017;1
HT8YYX;1695;1;06/27/2017;1
2KYFS4;1696;1;06/27/2017;1
DKE867;1697;1;06/27/2017;1
G7ONUK;1698;1;06/27/2017;1
G8PDZZ;1699;1;06/27/2017;1
TONR7B;1700;1;06/27/2017;1
3Q7178;1701;1;06/27/2017;1
EF5NWI;1702;1;06/27/2017;1
6V91D4;1703;1;06/27/2017;1
82SWK6;1704;1;06/27/2017;1
PZN8B4;1705;1;06/27/2017;1
4HCHEU;1706;1;06/27/2017;1
D9IK2O;1707;1;06/27/2017;1
8AY37D;1708;1;06/27/2017;1
8348L5;1709;1;06/27/2017;1
87V0Z1;1710;1;06/27/2017;1
945STA;1711;1;06/27/2017;1
S7E98R;1712;1;06/27/2017;1
TTHKNK;1713;1;06/27/2017;1
V1270E;1714;1;06/27/2017;1
68Z0G7;1715;1;06/27/2017;1
715P6G;1716;1;06/27/2017;1
30SX70;1717;1;06/27/2017;1
D8I8TF;1718;1;06/27/2017;1
W07FKF;1719;1;06/27/2017;1
0P1MAJ;1720;1;06/27/2017;1
7NHWT5;1721;1;06/27/2017;1
YYE80F;1722;1;06/27/2017;1
40597R;1723;1;06/27/2017;1
WY0G8W;1724;1;06/27/2017;1
RO507S;1725;1;06/27/2017;1
Z540T6;1726;1;06/27/2017;1
I4810E;1727;1;06/27/2017;1
FH6WH3;1728;1;06/27/2017;1
XJJZ83;1729;1;06/27/2017;1
QIDCXY;1730;1;06/27/2017;1
EFZ66N;1731;1;06/27/2017;1
PE486F;1732;1;06/27/2017;1
OD3383;1733;1;06/27/2017;1
195I58;1734;1;06/27/2017;1
5O7OFE;1735;1;06/27/2017;1
3881VQ;1736;1;06/27/2017;1
B2N5SI;1737;1;06/27/2017;1
I9VMG4;1738;1;06/27/2017;1
JRT0EC;1739;1;06/27/2017;1
NYBJT5;1740;1;06/27/2017;1
HYOZ5O;1741;1;06/27/2017;1
9JMOWK;1742;1;06/27/2017;1
O8C801;1743;1;06/27/2017;1
47CHF9;1744;1;06/27/2017;1
W94YJV;1745;1;06/27/2017;1
CWUCD3;1746;1;06/27/2017;1
C1EPS8;1747;1;06/27/2017;1
48Z56S;1748;1;06/27/2017;1
R31FXB;1749;1;06/27/2017;1
00IB19;1750;1;06/27/2017;1
13S68F;1751;1;06/27/2017;1
O70L12;1752;1;06/27/2017;1
FFALWG;1753;1;06/27/2017;1
KSC3MS;1754;1;06/27/2017;1
7F4884;1755;1;06/27/2017;1
HZXY9L;1756;1;06/27/2017;1
6EQJHP;1757;1;06/27/2017;1
U6T497;1758;1;06/27/2017;1
H9P9KO;1759;1;06/27/2017;1
1527Q9;1760;1;06/27/2017;1
BQ17MS;1761;1;06/27/2017;1
4Z37N3;1762;1;06/27/2017;1
1434JD;1763;1;06/27/2017;1
C02530;1764;1;06/27/2017;1
E83Q2F;1765;1;06/27/2017;1
APS0SK;1766;1;06/27/2017;1
5IL33V;1767;1;06/27/2017;1
3SSHE7;1768;1;06/27/2017;1
617750;1769;1;06/27/2017;1
J827TN;1770;1;06/27/2017;1
TI41F2;1771;1;06/27/2017;1
6F456M;1772;1;06/27/2017;1
HTJ3B8;1773;1;06/27/2017;1
S3RG21;1774;1;06/27/2017;1
904Q1B;1775;1;06/27/2017;1
K79RKA;1776;1;06/27/2017;1
721VPW;1777;1;06/27/2017;1
Q12O0S;1778;1;06/27/2017;1
Z3E0PM;1779;1;06/27/2017;1
LNU918;1780;1;06/27/2017;1
VR524O;1781;1;06/27/2017;1
G0C74E;1782;1;06/27/2017;1
CT2UKE;1783;1;06/27/2017;1
5443ZS;1784;1;06/27/2017;1
0479L7;1785;1;06/27/2017;1
YAH2AV;1786;1;06/27/2017;1
J9F18Y;1787;1;06/27/2017;1
I05UG1;1788;1;06/27/2017;1
ABJJF4;1789;1;06/27/2017;1
BVN4J5;1790;1;06/27/2017;1
FDZ8G1;1791;1;06/27/2017;1
8E5ICD;1792;1;06/27/2017;1
79VY26;1793;1;06/27/2017;1
111A63;1794;1;06/27/2017;1
8CS0C3;1795;1;06/27/2017;1
393ND5;1796;1;06/27/2017;1
P898S9;1797;1;06/27/2017;1
5U598X;1798;1;06/27/2017;1
N53SS9;1799;1;06/27/2017;1
WK8O75;1800;1;06/27/2017;1
CTGFAP;1801;1;06/27/2017;1
USK33O;1802;1;06/27/2017;1
BL5691;1803;1;06/27/2017;1
1321C9;1804;1;06/27/2017;1
U4PVZP;1805;1;06/27/2017;1
4CR7P3;1806;1;06/27/2017;1
2Q7E45;1807;1;06/27/2017;1
ZDC710;1808;1;06/27/2017;1
1074HG;1809;1;06/27/2017;1
F998DP;1810;1;06/27/2017;1
LB44N4;1811;1;06/27/2017;1
6848US;1812;1;06/27/2017;1
H369TA;1813;1;06/27/2017;1
QMEI91;1814;1;06/27/2017;1
HZN83V;1815;1;06/27/2017;1
1AYJ5S;1816;1;06/27/2017;1
1453LJ;1817;1;06/27/2017;1
Q2897E;1818;1;06/27/2017;1
5Q2J26;1819;1;06/27/2017;1
C36O04;1820;1;06/27/2017;1
OYY7Z8;1821;1;06/27/2017;1
1W8639;1822;1;06/27/2017;1
P41N7S;1823;1;06/27/2017;1
LSYKPW;1824;1;06/27/2017;1
4VU704;1825;1;06/27/2017;1
9184VA;1826;1;06/27/2017;1
3JL2PL;1827;1;06/27/2017;1
41N2LV;1828;1;06/27/2017;1
138RVG;1829;1;06/27/2017;1
TNMVU2;1830;1;06/27/2017;1
G2VRQI;1831;1;06/27/2017;1
09KEA2;1832;1;06/27/2017;1
96JT59;1833;1;06/27/2017;1
U4WXF2;1834;1;06/27/2017;1
66655Z;1835;1;06/27/2017;1
C08E5B;1836;1;06/27/2017;1
U98ZE7;1837;1;06/27/2017;1
7N5C4O;1838;1;06/27/2017;1
R7133H;1839;1;06/27/2017;1
11UW77;1840;1;06/27/2017;1
J84A4F;1841;1;06/27/2017;1
M1E9JG;1842;1;06/27/2017;1
F9ONG3;1843;1;06/27/2017;1
62IJNQ;1844;1;06/27/2017;1
SX35OP;1845;1;06/27/2017;1
QOP9F7;1846;1;06/27/2017;1
3Z0228;1847;1;06/27/2017;1
T41281;1848;1;06/27/2017;1
D96L80;1849;1;06/27/2017;1
OZWXV9;1850;1;06/27/2017;1
11R3YK;1851;1;06/27/2017;1
0F241O;1852;1;06/27/2017;1
YF7N4W;1853;1;06/27/2017;1
RZ14H7;1854;1;06/27/2017;1
G3P00X;1855;1;06/27/2017;1
101MF7;1856;1;06/27/2017;1
5A41ZL;1857;1;06/27/2017;1
SXF78J;1858;1;06/27/2017;1
O5L619;1859;1;06/27/2017;1
10P0N7;1860;1;06/27/2017;1
8X5AG5;1861;1;06/27/2017;1
QT495L;1862;1;06/27/2017;1
XHFN6W;1863;1;06/27/2017;1
8BKXVJ;1864;1;06/27/2017;1
P8FLO8;1865;1;06/27/2017;1
N4GL54;1866;1;06/27/2017;1
06B737;1867;1;06/27/2017;1
SR4ODF;1868;1;06/27/2017;1
R0X2JD;1869;1;06/27/2017;1
Z4JV92;1870;1;06/27/2017;1
N9XJ37;1871;1;06/27/2017;1
SG9XH9;1872;1;06/27/2017;1
4Q782X;1873;1;06/27/2017;1
U19QG2;1874;1;06/27/2017;1
J797T8;1875;1;06/27/2017;1
989397;1876;1;06/27/2017;1
5ACFT9;1877;1;06/27/2017;1
62V9ZX;1878;1;06/27/2017;1
J3ECE9;1879;1;06/27/2017;1
XT54NA;1880;1;06/27/2017;1
I3H088;1881;1;06/27/2017;1
UUUSO3;1882;1;06/27/2017;1
YGQ011;1883;1;06/27/2017;1
593ML3;1884;1;06/27/2017;1
4X5ALZ;1885;1;06/27/2017;1
U9H7IA;1886;1;06/27/2017;1
JWXJ51;1887;1;06/27/2017;1
R9H18N;1888;1;06/27/2017;1
P01CG7;1889;1;06/27/2017;1
18QB6Q;1890;1;06/27/2017;1
ZG6U1O;1891;1;06/27/2017;1
3JG53W;1892;1;06/27/2017;1
QP52OL;1893;1;06/27/2017;1
GR22M7;1894;1;06/27/2017;1
YR4VR5;1895;1;06/27/2017;1
B866F2;1896;1;06/27/2017;1
EQ5179;1897;1;06/27/2017;1
504YR1;1898;1;06/27/2017;1
34HCF7;1899;1;06/27/2017;1
NX19SY;1900;1;06/27/2017;1
6U5HL1;1901;1;06/27/2017;1
2688P3;1902;1;06/27/2017;1
DTOF6F;1903;1;06/27/2017;1
YE5674;1904;1;06/27/2017;1
RVRUW6;1905;1;06/27/2017;1
0E0279;1906;1;06/27/2017;1
TGGJQ0;1907;1;06/27/2017;1
QV3K87;1908;1;06/27/2017;1
7RFXKO;1909;1;06/27/2017;1
N82O42;1910;1;06/27/2017;1
LLL7K3;1911;1;06/27/2017;1
G3984Q;1912;1;06/27/2017;1
OV1JGA;1913;1;06/27/2017;1
Q179C1;1914;1;06/27/2017;1
T31JDA;1915;1;06/27/2017;1
Y3D530;1916;1;06/27/2017;1
4A6453;1917;1;06/27/2017;1
Q98IAW;1918;1;06/27/2017;1
B38S11;1919;1;06/27/2017;1
N25M16;1920;1;06/27/2017;1
78KPXB;1921;1;06/27/2017;1
P70T20;1922;1;06/27/2017;1
5XHNVE;1923;1;06/27/2017;1
DT20NN;1924;1;06/27/2017;1
U322X1;1925;1;06/27/2017;1
6MZR5J;1926;1;06/27/2017;1
0BRI09;1927;1;06/27/2017;1
N0G69G;1928;1;06/27/2017;1
50F9Q8;1929;1;06/27/2017;1
RB0R3H;1930;1;06/27/2017;1
773A40;1931;1;06/27/2017;1
0L894N;1932;1;06/27/2017;1
JXH9C2;1933;1;06/27/2017;1
60VR37;1934;1;06/27/2017;1
887JSM;1935;1;06/27/2017;1
U60663;1936;1;06/27/2017;1
NM7R4K;1937;1;06/27/2017;1
J521Z4;1938;1;06/27/2017;1
4Q65S0;1939;1;06/27/2017;1
JO5X53;1940;1;06/27/2017;1
WT5H92;1941;1;06/27/2017;1
H2F06D;1942;1;06/27/2017;1
QYYV22;1943;1;06/27/2017;1
40T9G9;1944;1;06/27/2017;1
VE8012;1945;1;06/27/2017;1
2018E8;1946;1;06/27/2017;1
YABOC2;1947;1;06/27/2017;1
K3CZ0Q;1948;1;06/27/2017;1
8TZSUV;1949;1;06/27/2017;1
AJR033;1950;1;06/27/2017;1
S88032;1951;1;06/27/2017;1
XD8WRT;1952;1;06/27/2017;1
5370EG;1953;1;06/27/2017;1
C0471Q;1954;1;06/27/2017;1
3T2VI8;1955;1;06/27/2017;1
6TII0I;1956;1;06/27/2017;1
48ORIW;1957;1;06/27/2017;1
WWJ1PO;1958;1;06/27/2017;1
KS8C0F;1959;1;06/27/2017;1
NI1314;1960;1;06/27/2017;1
1MKHCR;1961;1;06/27/2017;1
47L427;1962;1;06/27/2017;1
775D48;1963;1;06/27/2017;1
Q1473J;1964;1;06/27/2017;1
68G07R;1965;1;06/27/2017;1
WU2N44;1966;1;06/27/2017;1
444ND4;1967;1;06/27/2017;1
N9P5QO;1968;1;06/27/2017;1
UB6597;1969;1;06/27/2017;1
BS05A4;1970;1;06/27/2017;1
429J32;1971;1;06/27/2017;1
07WTNB;1972;1;06/27/2017;1
TK15H8;1973;1;06/27/2017;1
78J8KS;1974;1;06/27/2017;1
CJ68UP;1975;1;06/27/2017;1
37X6U2;1976;1;06/27/2017;1
7C3HUH;1977;1;06/27/2017;1
024K3Q;1978;1;06/27/2017;1
247097;1979;1;06/27/2017;1
O5VRPG;1980;1;06/27/2017;1
D3OY2R;1981;1;06/27/2017;1
47K9DO;1982;1;06/27/2017;1
04188U;1983;1;06/27/2017;1
W5O3X7;1984;1;06/27/2017;1
899T2Q;1985;1;06/27/2017;1
64E7WM;1986;1;06/27/2017;1
252GLX;1987;1;06/27/2017;1
LORC50;1988;1;06/27/2017;1
BW1302;1989;1;06/27/2017;1
02WVKB;1990;1;06/27/2017;1
B90QN9;1991;1;06/27/2017;1
HN7Y65;1992;1;06/27/2017;1
5MNUFH;1993;1;06/27/2017;1
9LDD02;1994;1;06/27/2017;1
WN56H6;1995;1;06/27/2017;1
4R6YE8;1996;1;06/27/2017;1
425J6C;1997;1;06/27/2017;1
2AH676;1998;1;06/27/2017;1
4533V5;1999;1;06/27/2017;1
X50N76;2000;1;06/27/2017;1
75038687;2001;1;06/27/2017;1